{
  "Site": { "x": 653.3916387726765, "y": 403.5801832061698 },
  "WeatherStation": { "x": 545.4683532713906, "y": 492.1999245007906 },
  "ResidueManagementEvent": { "x": 289.4186282177017, "y": 498.18371824285094 },
  "Organization": { "x": 691.9701742729233, "y": 243.23087217718384 },
  "BioMassEnergy": { "x": 154.56474813943447, "y": 390.1845431193314 },
  "PlantingEvent": { "x": 205.08945050977462, "y": 238.20377635852492 },
  "County": { "x": 798.0118723605475, "y": 484.71458924161624 },
  "Harvest": { "x": 177.24795110006016, "y": 272.6058669416712 },
  "NutrientEfficiency": { "x": 527.664543409775, "y": 174.957786263591 },
  "WaterQualityConc": { "x": 425.8208125445531, "y": 325.35854380430806 },
  "GasNutrientLoss": { "x": 246.18733946084222, "y": 491.6011882013657 },
  "Field": { "x": 545.2850763718955, "y": 405.0316504650329 },
  "SoilChemicalSample": { "x": 343.96743151408384, "y": 220.93036299937933 },
  "BioMassMineral": { "x": 397.29818976889135, "y": 462.5834627620049 },
  "Department": { "x": 673.8226131756759, "y": 174.29295913134925 },
  "Amendment": { "x": 207.77155954645917, "y": 478.50459353081806 },
  "Pesticide": { "x": 158.82463191273652, "y": 528.249961794996 },
  "Version": { "x": 445.75119457191147, "y": 141.57399631148598 },
  "ResearchUnit": { "x": 445.9607789325321, "y": 173.57023534705004 },
  "Tillage": { "x": 369.5528922102768, "y": 482.56305218927275 },
  "HarvestFraction": { "x": 160.37053576905214, "y": 312.10603785081383 },
  "Book": { "x": 486.91176996634266, "y": 141.77787167960767 },
  "WindErosionArea": { "x": 419.990482124507, "y": 437.0517988912794 },
  "WeatherObservation": { "x": 657.6622291345984, "y": 491.2168616923123 },
  "GrazingManagementEvent": {
    "x": 332.77873830081126,
    "y": 495.36224917460754
  },
  "CropGrowthStage": { "x": 152.99006398082747, "y": 352.89669193249074 },
  "Experiment": { "x": 650.2740422128816, "y": 305.30527071529144 },
  "GasSample": { "x": 182.41884894112553, "y": 454.74701431868397 },
  "SoilCover": { "x": 524.8421892900501, "y": 141.74162823815607 },
  "Publication": { "x": 794.6217069121398, "y": 314.0126146414144 },
  "SoilBiologicalSample": { "x": 297.94771039285547, "y": 213.5060667223242 },
  "ExperimentalUnit": { "x": 291.9972535653441, "y": 351.29988178922446 },
  "City": { "x": 756.0276635552038, "y": 523.3885747631849 },
  "SoilPhysicalSample": { "x": 162.49570143438442, "y": 426.51733864068564 },
  "Grazing": { "x": 252.2058333070056, "y": 218.3136175419042 },
  "Rotation": { "x": 533.6154960627283, "y": 239.17904391785677 },
  "MiscellaneousMeasurement": {
    "x": 559.4139006265257,
    "y": 140.33554019633917
  },
  "WaterQualityArea": { "x": 428.5268710402021, "y": 395.98134625246206 },
  "Project": { "x": 564.8621057606646, "y": 177.94826253912723 },
  "Treatment": { "x": 535.3267326802103, "y": 305.2118906350886 },
  "State": { "x": 818.0108024229364, "y": 422.370392685931 },
  "YieldNutrientUptake": { "x": 417.90059862151634, "y": 283.773133168235 },
  "Soil": { "x": 487.8551400349313, "y": 175.72515503541803 },
  "Country": { "x": 806.0227833833319, "y": 350.2677624870089 },
  "BioMassCarbohydrate": { "x": 386.3554645186663, "y": 240.95894850769469 },
  "Person": { "x": 765.6214952525262, "y": 219.8822684167614 },
  "hasTreatment": { "x": 0, "y": 0 },
  "yieldNutrUptakeTreatment": { "x": 0, "y": 0 },
  "plantingAt": { "x": 0, "y": 0 },
  "hasGasNutrientData": { "x": 0, "y": 0 },
  "hasBioSample": { "x": 0, "y": 0 },
  "hasBioMassCarbohydrateData": { "x": 0, "y": 0 },
  "studiesSite": { "x": 0, "y": 0 },
  "hasBioMassEnergyData": { "x": 0, "y": 0 },
  "worksAtDepartment": { "x": 0, "y": 0 },
  "hasGrazingData": { "x": 0, "y": 0 },
  "locatedInCounty": { "x": 0, "y": 0 },
  "fundsExperiment": { "x": 0, "y": 0 },
  "locatedInState": { "x": 0, "y": 0 },
  "tracksGrowth": { "x": 0, "y": 0 },
  "hasCity": { "x": 0, "y": 0 },
  "hasWaterQualityConcData": { "x": 0, "y": 0 },
  "hasResidueManagementEvent": { "x": 0, "y": 0 },
  "hasWindErosionData": { "x": 0, "y": 0 },
  "hasState": { "x": 0, "y": 0 },
  "waterQualityAreaDataAt": { "x": 0, "y": 0 },
  "worksIn": { "x": 0, "y": 0 },
  "hasCounty": { "x": 0, "y": 0 },
  "yieldNutrUptakeDataAt": { "x": 0, "y": 0 },
  "locatedInCity": { "x": 0, "y": 0 },
  "weatherAtField": { "x": 0, "y": 0 },
  "windErosionTreatment": { "x": 0, "y": 0 },
  "hasPhySample": { "x": 0, "y": 0 },
  "isHarvested": { "x": 0, "y": 0 },
  "hasHarvestFractionData": { "x": 0, "y": 0 },
  "hasYieldNutrUptakeData": { "x": 0, "y": 0 },
  "departmentOf": { "x": 0, "y": 0 },
  "worksFor": { "x": 0, "y": 0 },
  "hasChemSample": { "x": 0, "y": 0 },
  "hasGrazingManagementEvent": { "x": 0, "y": 0 },
  "recordsWeatherForSite": { "x": 0, "y": 0 },
  "windErosionDataAt": { "x": 0, "y": 0 },
  "hasBioMassMineralData": { "x": 0, "y": 0 },
  "weatherRecordedBy": { "x": 0, "y": 0 },
  "hasRotation": { "x": 0, "y": 0 },
  "happenedInSite": { "x": 0, "y": 0 },
  "hasAmendment": { "x": 0, "y": 0 },
  "waterQualityConcDataAt": { "x": 0, "y": 0 },
  "hasPesticide": { "x": 0, "y": 0 },
  "hasGasSample": { "x": 0, "y": 0 },
  "weatherRecordedAt": { "x": 0, "y": 0 },
  "recordsWeatherForField": { "x": 0, "y": 0 },
  "hasWaterQualityAreaData": { "x": 0, "y": 0 },
  "locatedInCountry": { "x": 0, "y": 0 },
  "waterQualityConcTreatment": { "x": 0, "y": 0 },
  "waterQualityAreaTreatment": { "x": 0, "y": 0 },
  "hasTillage": { "x": 0, "y": 0 },
  "locatedInField": { "x": 0, "y": 0 },
  "hasField": { "x": 0, "y": 0 }
}
